date,actual,predicted
2025-12-09,488.9181823730469,476.5047858549369
2025-12-10,475.5430603027344,477.7245886473429
2025-12-11,480.42211914062494,477.95036576124767
2025-12-12,475.5132446289063,477.900241194453
2025-12-15,471.82666015624994,477.55074735716335
2025-12-16,473.38677978515625,476.79360258505403
2025-12-17,473.1184387207031,475.6975165160329
2025-12-18,480.92889404296875,474.65238189197044
2025-12-19,482.8566589355469,474.22516150727097
2025-12-22,481.8630065917969,473.69127383942396
2025-12-23,483.78082275390625,474.182675719705
2025-12-24,484.94342041015625,475.16284134517264
2025-12-26,484.6354064941406,476.5806617702656
2025-12-29,484.02923583984375,478.0501030178784
2025-12-30,484.40686035156244,479.3318822974288
2025-12-31,480.5711669921875,480.4399777874023
2026-01-02,469.95849609375,481.17983686837033
2026-01-05,469.86907958984375,480.80242604926025
2026-01-06,475.493408203125,479.3597599040986
2026-01-07,480.42211914062494,477.6723378224124
2026-01-08,475.09588623046875,476.63212509218283
2026-01-09,476.2585144042969,475.83217953130224
2026-01-12,474.1717529296875,474.99604820696186
2026-01-13,467.70281982421875,474.24299845052155
2026-01-14,456.4840087890625,473.0109499862592
2026-01-15,453.7811584472657,470.8293303885948
2026-01-16,456.9609680175781,468.11075186133166
2026-01-20,451.65460205078125,465.0532320371567
2026-01-21,441.3102111816406,461.6926810534751
2026-01-22,448.2959289550781,457.6930319993735
2026-01-23,463.0125732421875,454.0936707269175
2026-01-26,467.3152465820313,451.8911035491001
2026-01-27,477.55035400390625,451.5274346575716
2026-01-28,478.59368896484375,453.1463046019526
2026-01-29,430.76715087890625,455.98733984777937
2026-01-30,427.57736206054693,453.4961134404475
2026-02-02,420.7010192871094,449.5395801763225
2026-02-03,408.6176452636718,444.47325829074543
2026-02-04,411.5788879394531,437.86587175849854
2026-02-05,391.188232421875,431.06503511104165
2026-02-06,398.6111450195313,423.1608279916909
2026-02-09,410.9925842285156,415.39679640870236
2026-02-10,410.66467285156256,409.4367767285148
2026-02-11,401.8207397460937,405.8078447179105
2026-02-12,399.30670166015625,403.25653183066606
2026-02-13,398.7900085449219,401.02490579165897
2026-02-17,394.3581237792969,399.28928852556055
2026-02-18,397.0808410644532,397.6488409986159
2026-02-19,396.8517761230469,396.5269248307595
2026-02-20,395.6267395019531,395.9031830690983
2026-02-23,382.918212890625,395.31456394182896
2026-02-24,387.4299621582031,394.0041195525955
2026-02-25,398.9831237792969,392.2678722840865
2026-02-26,400.0986022949219,391.1539492718148
2026-02-27,391.15484619140625,391.2847141471684
2026-03-02,396.9413757324219,390.95439600825193
2026-03-03,402.2996826171875,391.01377373545256
2026-03-04,403.56457519531256,391.5646714683862
2026-03-05,409.0224304199219,392.85558578289056
2026-03-06,407.3093872070313,394.7038553550374
2026-03-09,407.757568359375,397.0367936567018
2026-03-10,404.122314453125,399.22459515302035
2026-03-11,403.245849609375,401.08971728965116
2026-03-12,400.238037109375,402.52647716221327
2026-03-13,393.9534912109375,403.3648134949908
2026-03-16,398.33575439453125,403.39276985196193
2026-03-17,397.7979125976563,402.83907648333116
2026-03-18,390.2087097167969,402.201868420143
2026-03-19,387.4498596191406,401.02612642132954
2026-03-20,380.3287353515625,399.2295170468533
2026-03-23,381.4541931152344,396.26799383999605
2026-03-24,371.2355651855468,393.2708361217883
2026-03-25,369.5424499511719,389.66860046333386
2026-03-26,364.492919921875,385.88323097914326
2026-03-27,355.33001708984375,381.8351504897255
2026-03-30,357.51116943359375,377.10721864895095
2026-03-31,368.67596435546875,372.39612952887273
2026-04-01,367.8791809082031,368.7389753790303
2026-04-02,371.9526672363282,366.56614628375155
2026-04-06,371.37499999999994,365.4739681984338
2026-04-07,370.78741455078125,365.47198959711295
2026-04-08,372.8191528320312,365.89740856866956
2026-04-09,371.56427001953125,367.1006639540092
2026-04-10,369.3731384277343,368.0713401681669
2026-04-13,382.8186340332031,368.9599585683418
2026-04-14,391.5233459472656,370.19895674669624
2026-04-15,409.5602722167969,372.556514361313
2026-04-16,418.56378173828125,376.63388996282447
2026-04-17,421.0835876464844,382.5209868639831
2026-04-20,416.3826293945313,389.48952227811606
2026-04-21,422.44805908203125,396.3532804163333
2026-04-22,431.1726989746094,402.70405909170586
2026-04-23,414.0719604492187,408.83933756749684
2026-04-24,422.90618896484375,413.08157692483655
2026-04-27,423.1053771972656,416.29143920692877
2026-04-28,427.5174865722656,418.68044772313806
2026-04-29,422.7467956542969,420.6688928316471
2026-04-30,406.1341552734375,421.8579830065355
2026-05-01,412.76727294921875,420.48749151254015
2026-05-04,411.9505615234375,418.94205622414665
2026-05-05,409.7196350097656,417.4653699488117
2026-05-06,412.2891845703125,416.03731198454625
2026-05-07,419.07171630859375,414.5915352024822
2026-05-08,413.44451904296875,414.0907620363432
2026-05-11,410.99444580078125,413.689608001383
2026-05-12,406.1241760253906,412.8121327688459
2026-05-13,403.57452392578125,411.78156695052894
2026-05-14,407.7774963378906,410.26109550765614
2026-05-15,420.2170715332031,408.8992271716561
2026-05-18,421.83056640625,408.4959862537107
2026-05-19,415.7352600097657,409.0936616656327
2026-05-20,419.36053466796875,410.53770594106754
2026-05-21,418.3025207519531,411.8329121469942
2026-05-22,417.7835388183594,413.29715587471946
2026-05-26,415.24829101562494,414.72856072679133
2026-05-27,411.8946228027344,415.5631957954065
2026-05-28,426.18768310546875,415.67698998082415
2026-05-29,449.3940124511719,415.8705188463355
2026-06-01,459.6546936035156,417.436547338526
2026-06-02,440.48077392578125,421.9371664345199
2026-06-03,426.53704833984375,426.52078834811255
2026-06-04,427.2456970214844,429.5307823654366
2026-06-05,415.8870849609375,431.40287390373487
2026-06-08,410.9663391113281,431.405669539432
2026-06-09,402.6520080566406,429.5027078830135
2026-06-10,396.61334228515625,425.9505574162031
2026-06-11,389.60656738281244,421.2291618504387
2026-06-12,390.00579833984375,415.26697653696465
2026-06-15,399.0088806152344,409.0720447079184
2026-06-16,393.0899963378906,404.0804174831501
2026-06-17,378.1980285644531,399.93122160682833
2026-06-18,378.6871032714844,395.6266907611389
2026-06-22,366.6497802734375,390.79406039475
2026-06-23,373.23736572265625,385.9379230634149
2026-06-24,364.7733154296875,381.58255889821885
2026-06-25,352.1670227050781,377.5910801878799
2026-06-26,372.2691955566406,372.6587322524356
2026-06-29,367.8774719238281,366.4274473155392
2026-06-30,372.31909179687494,362.6600033686882
2026-07-01,383.5579528808593,360.7166428076889
2026-07-02,389.7562561035156,360.9959209075578
2026-07-06,386.0133056640625,363.17884972898173
2026-07-07,388.109375,366.3113693713831
2026-07-08,382.6197204589844,370.30300558232466
2026-07-09,383.6377868652344,373.8394748953833
2026-07-10,384.3764038085938,376.4330373192897
2026-07-13,390.2553405761719,378.96513513301034
2026-07-14,384.20672607421875,381.3837537625186
2026-07-15,394.8866271972656,383.08090150641874
2026-07-16,400.3463439941406,384.85628767468734
2026-07-17,393.08001708984375,387.1334313878615
2026-07-20,401.53411865234375,389.07765820217537
2026-07-21,397.00262451171875,391.0275550381848
2026-07-22,389.60656738281244,392.9587093024784
2026-07-23,380.8630065917969,394.2763987194339
2026-07-24,380.98281860351557,394.23001479195227
2026-07-27,388.368896484375,393.3318676053168
2026-07-28,392.61090087890625,392.4899087586782
2026-07-29,389.8061828613281,392.07209903498733
2026-07-30,450.2524108886719,391.63011296878904
2026-07-31,463.8468017578125,394.8522209227376
2026-08-03,486.73370361328125,401.9708544112
2026-08-04,491.88403320312494,412.92076880952663
2026-08-05,486.5440673828125,425.9788287743795
2026-08-06,498.9207458496094,439.5911727351231
2026-08-07,499.0505065917969,452.48562894896895
2026-08-10,505.10913085937494,464.40023453855247
2026-08-11,502.86334228515625,475.10051048167225
2026-08-12,491.5047302246094,483.8507714633306
2026-08-13,495.9463806152344,489.89395146171955
2026-08-14,494.4691467285156,493.89738053028486
2026-08-17,479.44744873046875,496.3950250871749
2026-08-18,480.72503662109375,496.50618113749806
2026-08-19,483.3999938964844,494.9095975283926
2026-08-20,481.1499938964844,492.7255366713871
2026-08-21,483.239990234375,490.2441934268718
2026-08-24,487.3099975585938,487.8012803294041
2026-08-25,491.7099914550781,486.03514732154144
2026-08-26,496.3699951171875,485.0043058771698
2026-08-27,505.05999755859375,484.85243592106053
